"","score","PC","sw","cl_size","cl_num"
"RAV1076",0.398831670642957,7,-0.0444712416179085,10,1076
"RAV725",0.302957487132201,8,0.0941273393890504,20,725
"RAV884",0.375154608959465,7,0.15328697526983,6,884
"RAV1994",0.578811543664863,1,-0.0349390049217369,3,1994
